,x,y,z,ind,time,group
0,4.269746756917264,10.529130667999755,0.0,0,now,pretx
1,3.4051847018927237,9.725138392485979,-2.949213859438518e+307,1,now,pretx
2,15.993821026529611,10.928666098005275,-2.949213859438518e+307,2,now,unsampled
3,5.181527521662598,9.92911301381704,-1.0017023303527443e+305,3,now,unsampled
4,5.367020330610652,9.143193937839078,-1.0017023303527443e+305,4,now,pretx
5,1.5489171148870136,11.421096892957374,-1.001702330558319e+305,5,now,unsampled
6,6.731429852129722,4.6021178521469075,-2.949213859438518e+307,6,now,pretx
7,6.731429852129722,4.6021178521469075,-2.949213859438518e+307,6,now,pretx
8,6.731429852129722,4.6021178521469075,-2.949213859438518e+307,6,now,pretx
9,2.770266400269573,12.249679104047429,-2.949213859438518e+307,7,now,unsampled
10,2.681505271564366,14.525791012004559,-1.2179348387604628e+152,8,now,unsampled
11,4.728944468448816,16.495685608602166,-1.0017023303527443e+305,9,now,unsampled
12,3.653241290045304,11.17890790667472,-1.0017023303527443e+305,10,now,unsampled
13,5.447574806529177,8.089301976022298,-2.949213859438518e+307,11,now,pretx
14,3.2861051227738525,12.618755166970306,-1.0017023303527443e+305,12,now,pretx
15,3.2861051227738525,12.618755166970306,-1.0017023303527443e+305,12,now,pretx
16,17.418172304500107,13.783590230562636,-2.949213859438518e+307,13,now,unsampled
17,2.5606143728569544,5.557091227860568,-2.949213859438518e+307,14,now,unsampled
18,3.0646831725887536,7.36551621978086,-2.949213859438518e+307,15,now,pretx
19,5.082666136298202,8.975579462147474,-2.949213859438518e+307,16,now,unsampled
20,6.164649860879963,6.637888039192501,-2.949213859438518e+307,17,now,unsampled
21,16.383836307048448,10.950263381082014,-3.807774593896623e+306,18,now,unsampled
22,17.4468457824579,9.036945384977784,-2.949213859438518e+307,19,now,unsampled
23,1.0489072908779926,5.443728161871351,0.0,20,now,unsampled
24,4.146577480506023,10.369257456411935,0.0,21,now,pretx
25,2.127403329406722,13.48979102956248,-3.807774593896623e+306,22,now,pretx
26,1.1364516447302717,8.477856648536406,-2.949213859438518e+307,23,now,unsampled
27,5.2254400915319374,12.813930735642037,-2.949213859438518e+307,24,now,unsampled
28,3.352178883266301,8.957579307509295,0.0,25,now,pretx
29,15.402900272993216,11.35050940018709,0.0,26,now,unsampled
30,3.3183257716500383,9.74791867704658,-2.949213859438518e+307,27,now,unsampled
31,5.73102855594277,14.202222354671049,-2.949213859438518e+307,28,now,unsampled
32,4.4708386552621056,11.454550896108408,-2.949213859438518e+307,29,now,unsampled
33,2.963078789186857,10.132668681529635,-6.032526486156172e+305,30,now,unsampled
34,5.080363006826238,8.072338331638527,-1.0017023303527443e+305,31,now,pretx
35,5.080363006826238,8.072338331638527,-1.0017023303527443e+305,31,now,pretx
36,5.080363006826238,8.072338331638527,-1.0017023303527443e+305,31,now,pretx
37,4.89692912697222,10.808276783774724,0.0,32,now,pretx
38,4.89692912697222,10.808276783774724,0.0,32,now,pretx
39,4.89692912697222,10.808276783774724,0.0,32,now,pretx
40,8.165673763138681,7.324058870718021,-1.0017023303527443e+305,33,now,unsampled
41,4.597839612272945,14.901637896662551,-2.949213859438518e+307,34,now,unsampled
42,2.76224367344435,8.529897364764407,0.0,35,now,pretx
43,8.92472999869633,3.972223544207629,-2.949213858912247e+307,36,now,pretx
44,2.119639650705387,15.007397060710602,0.0,37,now,pretx
45,17.274031070709935,8.095649851129966,0.0,38,now,unsampled
46,4.357328866032476,9.642890730161271,-2.949213859438518e+307,39,now,pretx
47,4.357328866032476,9.642890730161271,-2.949213859438518e+307,39,now,pretx
48,5.07476990545944,11.746813361751729,-2.949213859438518e+307,40,now,pretx
49,7.02363506487227,5.431978049504569,0.0,41,now,pretx
50,4.465005713366528,13.581192597886618,-1.0017023303527443e+305,42,now,pretx
51,1.714759605790157,8.263364247230935,0.0,43,now,unsampled
52,7.296495548494461,15.310002222838065,-1.0017023303527443e+305,44,now,unsampled
53,2.562946503158227,12.061991620034734,-2.949213859438518e+307,45,now,unsampled
54,3.2279540483253695,7.068393223787754,-3.807774593896623e+306,46,now,unsampled
55,3.3749687903155334,6.531385766236291,-2.949213859438518e+307,47,now,unsampled
56,7.129563826868838,8.011052734373262,-3.807774593896623e+306,48,now,pretx
57,6.895564856771551,11.874754507158073,-1.0017023303527443e+305,49,now,pretx
58,9.654637040103864,7.784546105729904,-2.949213859438518e+307,50,now,unsampled
59,7.666609398691481,11.534010414789183,-3.807774593896623e+306,51,now,unsampled
60,14.026776171846457,8.758984653021468,-1.0017023303527443e+305,52,now,unsampled
61,18.819057022705152,6.109894390331601,-2.949213859438518e+307,53,now,unsampled
62,4.09575719781581,13.037066839977637,-1.0017023303527443e+305,54,now,unsampled
63,8.401656470096812,14.354732593999413,0.0,55,now,unsampled
64,2.583822114099124,15.705945851732825,-2.949213859438518e+307,56,now,pretx
65,4.370893756828136,12.359310503681712,-3.807774594020048e+306,57,now,pretx
66,5.180881797834228,11.225145336867921,-2.949213859438518e+307,58,now,unsampled
67,15.916313178270093,9.49838770426732,-3.807774593896623e+306,59,now,unsampled
68,14.617370338624557,9.813136686762792,-2.949213859438518e+307,60,now,unsampled
69,2.475663073588618,12.084377910675123,-1.0017023303527443e+305,61,now,unsampled
70,12.48594325669876,9.58860626499455,-2.949213859438518e+307,62,now,unsampled
71,14.442747497463191,16.078173023677852,-2.949213859438518e+307,63,now,unsampled
72,5.882901708646826,8.64333689948897,-2.949213859438518e+307,64,now,unsampled
73,3.4999443372534187,5.402102537753949,-2.949213859438518e+307,65,now,pretx
74,17.580081919625183,10.627192570389393,-1.0017023303527443e+305,66,now,unsampled
75,4.001333674902422,11.65656533710977,-3.807774593896623e+306,67,now,unsampled
76,3.0050312153448053,3.804270374453991,-2.949213859438518e+307,68,now,pretx
77,2.344747155204416,8.90053339340991,0.0,69,now,unsampled
78,2.639663235789852,8.32323668650216,-2.949213859438518e+307,70,now,pretx
79,6.240698080056251,11.04859702147253,-1.0017023303527443e+305,71,now,pretx
80,7.135991681394486,9.908371066738622,-2.949213859438518e+307,72,now,unsampled
81,5.967787670612515,13.903150907706355,-2.949213859438518e+307,73,now,unsampled
82,6.169229799560993,14.993983871459204,0.0,74,now,unsampled
83,5.312752853724342,13.337852376479923,-2.949213859438518e+307,75,now,unsampled
84,15.418963434594284,6.729919886866679,-3.807774593896623e+306,76,now,unsampled
85,16.928532561239912,12.30559407847437,-2.949213859438518e+307,77,now,unsampled
86,3.7559312540194014,10.518259190732403,-1.0017023303527443e+305,78,now,pretx
87,5.226412862226651,13.425057689340894,-2.949213859438518e+307,79,now,pretx
88,4.05295435228207,6.155430824874075,-2.949213859438518e+307,80,now,unsampled
89,16.433547061860928,14.221120204006137,-2.949213859438518e+307,81,now,unsampled
90,2.9789061717124627,11.328447626985492,-3.8077745941434724e+306,82,now,unsampled
91,2.414640883781993,9.93343525089541,-2.949213859438518e+307,83,now,pretx
92,6.296454343363143,9.46524129304695,-2.949213859438518e+307,84,now,unsampled
93,4.238624383261315,6.282230800472793,0.0,85,now,unsampled
94,5.337199566124436,7.1162316302234485,-7.30840124941082e+306,86,now,unsampled
95,1.5328534952770327,11.945881254113335,-1.0017023303527443e+305,87,now,unsampled
96,8.024452930781383,6.070503029262293,-2.949213859438518e+307,88,now,unsampled
97,8.0693581020747,17.735925674495846,-2.949213859438518e+307,89,now,unsampled
98,6.296434601431094,12.875465421175079,-1.0017023303527443e+305,90,now,pretx
99,3.148522594929035,13.515218320633176,-1.0017023303527443e+305,91,now,unsampled
100,6.339801943635812,18.832733533966696,-1.0017023303527443e+305,92,now,unsampled
101,13.86014457679854,9.942018102500828,-1.0017023303527443e+305,93,now,pretx
102,14.269234186763002,10.713740914997157,-2.949213859438518e+307,94,now,unsampled
103,14.467196005966871,10.525395428613004,-2.949213859438518e+307,95,now,unsampled
104,2.8089157364820356,12.604999730902193,-2.949213859438518e+307,96,now,unsampled
105,15.076000182145037,10.762647671757023,-2.949213859438518e+307,97,now,unsampled
106,15.793866836382632,10.064568052041471,-1.0017023303527443e+305,98,now,unsampled
107,4.580583720918168,10.66281769354422,-1.0017023303527443e+305,99,now,unsampled
108,5.272328928592219,7.2204732056514045,0.0,100,now,unsampled
109,4.825064910554561,5.319306777532331,-1.0017023303527443e+305,101,now,unsampled
110,4.801788578927283,6.971025836610893,-1.0017023303527443e+305,102,now,unsampled
111,5.1218755993418155,4.158356638080513,-1.0017023307766173e+305,103,now,pretx
112,5.530488326380019,8.509818961120565,-2.949213858483949e+307,104,now,unsampled
113,1.3889918997938573,5.926538028901841,-2.949213859438518e+307,105,now,unsampled
114,5.848145494604089,5.889569855521685,0.0,106,now,pretx
115,6.329921761533576,8.956453163155194,-2.949213859438518e+307,107,now,unsampled
116,6.565815301114596,17.705727688017006,-2.949213859438518e+307,108,now,unsampled
117,15.94161342027251,6.971030386482559,-2.949213859438518e+307,109,now,unsampled
118,2.1991043858644272,11.086884487743996,-8.015273207276353e-235,110,now,unsampled
119,4.583971849470403,11.744738669014655,-2.949213859438518e+307,111,now,unsampled
120,3.526181897985006,15.149067168273996,-2.949213859438518e+307,112,now,unsampled
121,15.772425692808078,10.549101261768348,-2.949213859438518e+307,113,now,unsampled
122,5.453607717757784,4.410395135984237,-1.0017023303527443e+305,114,now,unsampled
123,7.052574607638853,13.916747989157896,-2.949213859438518e+307,115,now,unsampled
124,4.786628996397398,10.968744141119839,-2.949213859438518e+307,116,now,unsampled
125,14.842927151048032,7.418769741895658,-1.4680064366989916e+307,117,now,unsampled
126,16.170402408095192,8.011792615460417,0.0,118,now,pretx
127,17.99369816717739,8.713078893367912,-2.949213859438518e+307,119,now,unsampled
128,16.372758280579045,5.94297974919983,-1.0017023303527443e+305,120,now,unsampled
129,7.125152098179144,16.03181962002917,-2.949213859438518e+307,121,now,unsampled
130,6.740964064718654,8.16429756429422,-2.949213859438518e+307,122,now,unsampled
131,7.608566323545254,11.869748533434498,-2.949213859438518e+307,123,now,unsampled
132,17.778449765803167,13.34133217323262,-2.949213859438518e+307,124,now,unsampled
133,7.604101104674195,3.3430346542475955,0.0,125,now,pretx
134,14.006458234958053,8.714307048207122,-2.949213859438518e+307,126,now,unsampled
135,15.044734736965673,8.9315795073822,-2.949213859438518e+307,127,now,unsampled
136,7.141882601102402,7.07066760713887,0.0,128,now,unsampled
137,5.881485814196136,11.073477205656278,-2.949213859438518e+307,129,now,unsampled
138,4.877749529356392,11.094393721012638,-1.0017023303527443e+305,130,now,unsampled
139,16.607101704835845,9.766896591223976,-1.0017023303527443e+305,131,now,unsampled
140,5.01827089381589,14.006332568330746,-2.949213859438518e+307,132,now,unsampled
141,3.382052115102682,12.664969289633493,0.0,133,now,unsampled
142,5.240930938620605,6.199532514929018,0.0,134,now,unsampled
143,5.869941944857141,7.060376164722432,0.0,135,now,unsampled
144,5.983567611238379,7.571905442272088,0.0,136,now,pretx
145,4.7454721892176,4.26540725244206,-2.949213859438518e+307,137,now,unsampled
146,18.70745672692234,10.82307878648755,-3.807774593896623e+306,138,now,unsampled
147,17.445596801956565,10.863290228599883,-2.949213859438518e+307,139,now,unsampled
148,0.8620266527750643,13.14556089381033,-2.949213859438518e+307,140,now,unsampled
149,2.9018036670050287,15.382066730862991,-2.949213859438518e+307,141,now,unsampled
150,2.1996991110423245,15.412914126458789,-2.949213859438518e+307,142,now,pretx
151,3.1770512172134735,13.3857045832592,-3.807774593896623e+306,143,now,unsampled
152,6.178302280668788,15.466277561699835,-2.949213859438518e+307,144,now,unsampled
153,9.967791483755226,4.553212036399603,-2.949213859438518e+307,145,now,unsampled
154,8.594285293314508,5.32289908262857,0.0,146,now,unsampled
155,7.750441368819748,13.848916216332436,-2.949213859438518e+307,147,now,unsampled
156,7.3609223399572725,13.228064194896296,-2.949213859438518e+307,148,now,unsampled
157,6.12580070295832,10.941997408765616,0.0,149,now,unsampled
158,8.098820897025323,13.298364187911682,-3.807774593896623e+306,150,now,pretx
159,5.806521402590859,11.202287134062567,-1.0017023303527443e+305,151,now,unsampled
160,2.6166645549524645,17.780028847701512,-2.949213859438518e+307,152,now,unsampled
161,7.4892323586032,5.112832673216777,-2.949213859438518e+307,153,now,pretx
162,4.011638540091046,14.068023039485487,-2.949213859438518e+307,154,now,unsampled
163,2.9632022186852494,8.349356772583386,-2.949213859438518e+307,155,now,unsampled
164,2.723745845949302,8.997188508897684,-2.949213859438518e+307,156,now,unsampled
165,3.9663778071758777,6.672739534038196,-2.949213859438518e+307,157,now,unsampled
166,2.3442479892816386,3.3522029700575064,-1.0017023303527443e+305,158,now,unsampled
167,3.2772698483830927,16.67945687313403,-3.807774593896623e+306,159,now,unsampled
168,1.8364965200972643,10.450337410723089,-2.949213859438518e+307,160,now,pretx
169,1.8364965200972643,10.450337410723089,-2.949213859438518e+307,160,now,pretx
170,6.447918929173878,10.228871245426946,-2.949213859438518e+307,161,now,unsampled
171,7.029858394912855,10.596191979073927,-2.949213859438518e+307,162,now,pretx
172,6.552705431519552,8.819667235502274,-2.949213859438518e+307,163,now,unsampled
173,9.686042158861232,8.855683771497818,-2.949213859438518e+307,164,now,unsampled
174,8.792360374309126,9.253252329943889,-1.0017023303527443e+305,165,now,unsampled
175,8.298602711641028,9.769888754379432,-2.949213859438518e+307,166,now,pretx
176,8.298602711641028,9.769888754379432,-2.949213859438518e+307,166,now,pretx
177,9.66905107830919,9.849402067781957,-2.949213859438518e+307,167,now,unsampled
178,4.5547749013291305,13.291899915266598,-2.949213859438518e+307,168,now,unsampled
179,8.208570004206258,17.854863669079986,-2.949213859438518e+307,169,now,unsampled
180,12.823103906632078,14.447472242782219,-1.0017023303527443e+305,170,now,unsampled
181,8.038652822820257,8.396205508382714,-1.0017023303527443e+305,171,now,pretx
182,8.424516951706718,3.816926107563244,-2.949213859438518e+307,172,now,unsampled
183,5.384681915102603,13.004055242956277,-2.949213859438518e+307,173,now,unsampled
184,5.703901380097387,12.98470546800021,-1.0017023303527443e+305,174,now,unsampled
185,3.5978912376420533,10.20740718553846,-2.949213859438518e+307,175,now,unsampled
186,2.033405155122112,10.12843658411019,-2.949213859438518e+307,176,now,unsampled
187,1.9773780498790159,7.657632164370156,-1.0017023303527443e+305,177,now,unsampled
188,16.66322333912122,11.787912161252141,-2.949213859438518e+307,178,now,unsampled
189,4.676855901262379,9.473956472151725,-3.807774593896623e+306,179,now,unsampled
190,5.182931787049344,7.378936090343149,-2.949213859438518e+307,180,now,unsampled
191,2.5533314920590326,8.496792550120109,-2.949213859438518e+307,181,now,pretx
192,1.7052517018641002,10.392966183609188,5.31702558e-315,182,now,unsampled
193,0.6199229365651762,11.611134782545458,-2.949213859438518e+307,183,now,unsampled
194,4.881883561628626,16.60139323175515,-2.949213859438518e+307,184,now,unsampled
195,1.9059113850424363,9.292088078182676,-2.949213859438518e+307,185,now,unsampled
196,3.695415021754517,12.440232339135765,-2.949213859438518e+307,186,now,pretx
197,17.5463735301979,5.883230982958337,-2.949213859438518e+307,187,now,pretx
198,3.49387885090903,7.826300959244639,0.0,188,now,unsampled
199,15.838816704131059,8.964483129592585,-2.949213859438518e+307,189,now,unsampled
200,6.033077548654112,16.025022508007662,-2.949213859438518e+307,190,now,unsampled
201,2.611307749975955,11.333429276269285,-1.0017023303527443e+305,191,now,unsampled
202,4.184043663254826,10.581363830775343,-1.0017023303527443e+305,192,now,pretx
203,1.9507474512194078,13.484138378929714,-2.949213859438518e+307,193,now,unsampled
204,1.9010493025923794,13.784407246560406,-3.807774593896623e+306,194,now,pretx
205,1.9010493025923794,13.784407246560406,-3.807774593896623e+306,194,now,pretx
206,1.245589804778946,9.099959705501938,-2.949213859438518e+307,195,now,unsampled
207,15.620995530050084,11.616030034082446,-2.949213859438518e+307,196,now,unsampled
208,1.524106631539417,10.792402534920118,0.0,197,now,pretx
209,1.5761209564285863,9.750606611235744,-2.949213859438518e+307,198,now,unsampled
210,6.073386835991529,1.54296826392237,-2.949213859438518e+307,199,now,unsampled
211,4.870373242252512,11.843240025631394,-1.0017023303527443e+305,200,now,unsampled
212,3.0888663440402837,4.904885845584913,-2.949213859438518e+307,201,now,unsampled
213,3.444787970529527,5.111174088334054,-2.949213859438518e+307,202,now,pretx
214,5.29973838905505,7.8933846356148925,0.0,203,now,unsampled
215,5.015991646322945,14.26974464771035,-2.949213859438518e+307,204,now,unsampled
216,4.734424278082705,15.519305794135287,-2.949213859438518e+307,205,now,unsampled
217,1.8249877275009967,14.68997849832823,-2.949213859438518e+307,206,now,pretx
218,17.08667227651216,8.370408452170114,-2.949213859438518e+307,207,now,unsampled
219,7.6590592175010235,15.033335495198088,-1.0017023303527443e+305,208,now,unsampled
220,13.046532919552172,11.676183133107084,-2.949213859438518e+307,209,now,unsampled
221,2.812618470920411,12.062613034351543,-1.0017023303527443e+305,210,now,unsampled
222,2.87046219567934,5.976919589154146,-2.949213859438518e+307,211,now,pretx
223,5.9949645653806725,12.128386846214157,-2.949213859438518e+307,212,now,unsampled
224,7.289228482637751,4.40937401547189,-2.949213859438518e+307,213,now,unsampled
225,7.280667045209071,3.8338457356178153,0.0,214,now,pretx
226,9.159364221015855,7.73639639909328,-2.949213859438518e+307,215,now,unsampled
227,13.121038218549261,13.158845695959986,-2.949213859438518e+307,216,now,unsampled
228,13.112283428023797,9.846669659245872,0.0,217,now,unsampled
229,8.754738592562777,14.558017437829047,-2.949213859438518e+307,218,now,unsampled
230,1.9136404577061725,16.268588837828815,-2.949213859438518e+307,219,now,pretx
231,2.200461268511327,15.713400063004428,-2.949213859438518e+307,220,now,unsampled
232,4.305414545607286,11.67433726343505,0.0,221,now,unsampled
233,14.39568405308677,11.602567197996928,-2.949213859438518e+307,222,now,unsampled
234,5.441523142542097,13.944676080365491,0.0,223,now,pretx
235,4.494795253428775,13.61049557208693,-2.949213859438518e+307,224,now,pretx
236,3.7500236159744973,12.826535026374343,0.0,225,now,unsampled
237,3.9491830346760795,12.560518232618294,-2.949213859438518e+307,226,now,unsampled
238,2.696327585111049,12.557835510053426,-3.807774593896623e+306,227,now,unsampled
239,5.337812810639425,9.921603661070694,-1.0017023303527443e+305,228,now,pretx
240,16.082528628870946,6.853762855029921,-2.949213859438518e+307,229,now,unsampled
241,15.416841152231822,16.44351856196479,-2.949213859438518e+307,230,now,pretx
242,4.159338963082997,6.163570088148077,0.0,231,now,unsampled
243,3.9078432003976205,11.880415012486841,-1.0017023303527443e+305,232,now,unsampled
244,3.105592163866953,4.2374920060129515,-2.949213859438518e+307,233,now,unsampled
245,1.0799604244209648,12.781231646798242,0.0,234,now,unsampled
246,9.451805332173533,16.436271437802812,-2.949213859438518e+307,235,now,unsampled
247,2.5211761376623865,7.483094685106905,-2.949213859438518e+307,236,now,unsampled
248,3.7977387862448837,8.584755765649433,-2.949213859438518e+307,237,now,pretx
249,5.851488148278105,9.086642300578266,0.0,238,now,unsampled
250,4.6225352572716085,8.615735207295424,-2.949213859438518e+307,239,now,unsampled
251,5.780249465476165,14.807569878023806,-3.807774593896623e+306,240,now,unsampled
252,5.984625681528092,15.745060299572359,-2.949213859438518e+307,241,now,unsampled
253,2.6324083188498237,18.23460457309661,-2.949213859438518e+307,242,now,unsampled
254,3.4465474175512276,17.68149907168634,-2.949213859438518e+307,243,now,unsampled
255,15.18966677434948,6.7600084239080545,-2.949213859438518e+307,244,now,pretx
256,15.18966677434948,6.7600084239080545,-2.949213859438518e+307,244,now,pretx
257,17.339499054190327,12.325506962865296,-1.0017023303527443e+305,245,now,unsampled
258,3.344333155977528,10.373146296001424,-2.949213859438518e+307,246,now,unsampled
259,3.0549478670278387,10.584494197608656,-2.949213859438518e+307,247,now,pretx
260,3.4298687639914425,5.74829862629814,-2.949213859438518e+307,248,now,unsampled
261,5.556562925806064,3.016217250151457,0.0,249,now,pretx
262,4.400626909798612,7.171337719409355,-2.949213859438518e+307,250,now,pretx
263,4.88274931804852,5.621283199534923,-2.949213859438518e+307,251,now,unsampled
264,4.88548292046237,7.3750182559673245,0.0,252,now,unsampled
265,4.637972061167987,6.897195513392166,-3.462140743181825e+306,253,now,pretx
266,4.539309605573445,7.660795972313674,-2.949213859438518e+307,254,now,unsampled
267,7.464716442227233,5.40209687613226,-2.949213859438518e+307,255,now,unsampled
268,8.55906701442091,17.352750235207537,-2.949213859438518e+307,256,now,pretx
269,6.22833539003263,4.98308103880219,-2.949213859438518e+307,257,now,unsampled
270,18.309718159920426,7.576762836460052,-2.013717934389646e+305,258,now,unsampled
271,15.214628535565739,11.900773531992415,-2.949213859438518e+307,259,now,unsampled
272,14.704070543701448,13.22429559009262,0.0,260,now,unsampled
273,2.587230685023434,13.457454080749823,-2.949213859438518e+307,261,now,unsampled
274,13.805138176543014,10.386128626994068,-2.949213859438518e+307,262,now,unsampled
275,3.1072393138938823,9.788444787407851,0.0,263,now,unsampled
276,2.32205736146675,5.753476093384779,-2.949213859438518e+307,264,now,unsampled
277,1.8545459324841098,5.576401321906108,-2.949213859438518e+307,265,now,unsampled
278,5.7618355126400305,7.738952531284721,-3.8077742582700375e+306,266,now,unsampled
279,5.031459404782845,7.44361314487758,0.0,267,now,unsampled
280,4.406468569416842,2.5116127801518244,0.0,268,now,unsampled
281,3.432557723544441,4.756263680195368,-2.949213859438518e+307,269,now,pretx
282,7.884391455610227,8.57611698202115,-1.0017023303527443e+305,270,now,unsampled
283,2.8936474386803814,11.496038046327472,-1.0017023303527443e+305,271,now,unsampled
284,3.3361911262342576,8.799433163333351,-2.949213859438518e+307,272,now,unsampled
285,6.356382503350402,9.289760147157562,-1.0017023303527443e+305,273,now,unsampled
286,6.154380150979573,16.937161417741265,-1.0017023303527443e+305,274,now,unsampled
287,7.046142972321523,17.584442338026527,-2.949213859438518e+307,275,now,unsampled
288,6.856254822667386,15.922744385831528,-2.949213859438518e+307,276,now,unsampled
289,5.957519812476096,13.483154371891475,0.0,277,now,pretx
290,16.135581786832844,7.474215920076856,-3.807774593896623e+306,278,now,unsampled
291,4.662514086283781,8.895936385344445,-1.0017023303527443e+305,279,now,pretx
292,12.532087940502294,9.085464091726392,-2.949213859438518e+307,280,now,unsampled
293,1.8151744726760126,12.943704213588354,-3.8077745950898344e+306,281,now,unsampled
294,16.105458228575568,7.570869129614412,0.0,282,now,pretx
295,15.951445068553419,8.620426271327199,0.0,283,now,pretx
296,15.951445068553419,8.620426271327199,0.0,283,now,pretx
297,18.347285566177284,9.150314711037147,0.0,284,now,unsampled
298,2.3374190897023066,13.698537376521344,-2.949213859438518e+307,285,now,pretx
299,7.350789315599659,16.00107370514328,0.0,286,now,unsampled
300,7.152636615814896,13.854704766910176,0.0,287,now,unsampled
301,7.359177654554912,14.11514355741338,-1.0017023303527443e+305,288,now,unsampled
302,7.88856267213972,15.974787109290668,-3.807774593896623e+306,289,now,unsampled
303,7.159992249077269,15.407785036930376,-2.949213859438518e+307,290,now,unsampled
304,8.530183784127612,15.232402973560657,-2.949213859438518e+307,291,now,pretx
305,16.879799141431434,5.638517652440822,-1.0017023303527443e+305,292,now,unsampled
306,17.225024738734632,6.865013214227852,-3.462140737837842e+306,293,now,unsampled
307,8.120944862881394,12.094925172483856,-2.949213859438518e+307,294,now,unsampled
308,7.854513839385494,11.429755121231477,0.0,295,now,pretx
309,6.737982378971127,7.358028230799594,-2.949213859438518e+307,296,now,unsampled
310,9.407492073836897,14.555658364871563,0.0,297,now,pretx
311,9.407492073836897,14.555658364871563,0.0,297,now,pretx
312,3.702266377263992,9.666681305421017,-1.0017023303527443e+305,298,now,unsampled
313,16.07067526274152,9.467033169792193,-2.949213859438518e+307,299,now,pretx
314,16.07067526274152,9.467033169792193,-2.949213859438518e+307,299,now,pretx
315,3.8791579808725416,12.801085057731731,-2.949213859438518e+307,300,now,unsampled
316,6.386977904442765,7.913386548756638,-2.949213859438518e+307,301,now,unsampled
317,4.7272018936550175,15.231581349155062,-2.949213859438518e+307,302,now,unsampled
318,3.728405688406971,15.636602074357103,-2.949213859438518e+307,303,now,unsampled
319,19.612335959889826,10.41933213641213,-2.949213859438518e+307,304,now,unsampled
320,18.564015533082944,11.501801017471168,-2.949213859438518e+307,305,now,unsampled
321,17.534964019714135,10.10072278170139,0.0,306,now,pretx
322,2.533064128330265,2.0445572280080357,-1.0017023303527443e+305,307,now,unsampled
323,3.055237706105091,3.067652440070952,-1.0017023303527443e+305,308,now,unsampled
324,2.8895500950599726,2.386553875576437,-2.949213859438518e+307,309,now,unsampled
325,2.743207016718743,15.151633552086798,-2.949213859438518e+307,310,now,unsampled
326,3.1480913013216782,15.607952066164202,-3.807774593896623e+306,311,now,unsampled
327,0.47865867210923535,7.194600430208716,-2.949213859438518e+307,312,now,pretx
328,9.809013641117751,5.071728866996393,-2.949213859438518e+307,313,now,unsampled
329,18.55803126480029,4.840469499244406,-1.0017023303527443e+305,314,now,unsampled
330,6.189655171357809,10.386949414531005,0.0,315,now,unsampled
331,7.368312541321418,9.61374880985971,-2.949213859438518e+307,316,now,pretx
332,7.368312541321418,9.61374880985971,-2.949213859438518e+307,316,now,pretx
333,12.89444436993911,6.97899848308568,-1.0017023303527443e+305,317,now,unsampled
334,12.633147136035307,6.642430380051112,-1.0017023303527443e+305,318,now,pretx
335,12.633147136035307,6.642430380051112,-1.0017023303527443e+305,318,now,pretx
336,7.493944857288214,4.357903074505597,-1.0017023303527443e+305,319,now,unsampled
337,7.16614901971811,5.174681307312831,-2.949213859438518e+307,320,now,unsampled
338,4.476129886247549,14.820058640909965,-1.0017023303527443e+305,321,now,unsampled
339,17.93246165182234,10.652242484889703,0.0,322,now,pretx
340,5.5669516327549236,2.395932641974368,-1.001702330982192e+305,323,now,unsampled
341,3.1465404093974345,16.5596474207286,-2.949213859438518e+307,324,now,unsampled
342,6.713995920797497,10.065203201222737,-3.807774593896623e+306,325,now,unsampled
343,5.3364852746636116,5.725170534299794,-2.949213859438518e+307,326,now,unsampled
344,5.183643312644482,4.820668345471411,0.0,327,now,unsampled
345,15.320554708324464,14.13591029867236,-3.807774593896623e+306,328,now,unsampled
346,1.7418189475955792,4.702350136098499,0.0,329,now,unsampled
347,9.481270913772619,6.553756550746715,-2.949213859438518e+307,330,now,unsampled
348,9.220426594342905,5.9284818676105155,-2.949213859438518e+307,331,now,unsampled
349,2.941737535201514,13.693861064815652,-2.949213859438518e+307,332,now,unsampled
350,3.6333752487050144,14.498644062843137,-2.949213859438518e+307,333,now,unsampled
351,9.781596065974675,8.104900084065555,-2.949213859438518e+307,334,now,unsampled
352,4.378227420156888,13.177740659120934,-2.949213859438518e+307,335,now,unsampled
353,4.55899710664266,13.151148653156142,-3.807774593896623e+306,336,now,pretx
354,12.604172794992742,14.92875153174017,-9.419219630137407e+306,337,now,unsampled
355,8.58473191562966,3.550048695137038,-2.949213859438518e+307,338,now,unsampled
356,14.895534360763078,12.850961990875044,-3.807774593896623e+306,339,now,unsampled
357,14.072096668946497,14.042639957652648,0.0,340,now,unsampled
358,6.6839546861749835,17.738923707123586,-2.949213859438518e+307,341,now,pretx
359,4.806184918069896,13.560932912423596,0.0,342,then,unsampled
360,13.633760775372219,9.657921711781562,-1.0017023303527443e+305,343,then,posttx
361,2.521971888415629,10.279635571873134,1.0634374943e-314,346,then,unsampled
362,2.486592161761626,15.78496039010593,-3.807774593896623e+306,347,then,unsampled
363,5.249880426273343,5.908699374221661,-2.949213859438518e+307,348,then,posttx
364,5.442767888252115,9.360749153359235,-2.949213859438518e+307,349,then,unsampled
365,3.408281751654642,5.565387180250769,0.0,351,then,posttx
366,5.9877832016368435,7.430731831454704,-6.032526486156172e+305,355,then,posttx
367,3.5673984440483366,7.843811204913542,-2.949213859438518e+307,357,then,unsampled
368,10.854816981384559,13.88945602225305,-2.949213859438518e+307,359,then,posttx
369,10.854816981384559,13.88945602225305,-2.949213859438518e+307,359,then,posttx
370,3.3757756397848944,9.026239626325216,-2.949213859438518e+307,362,then,unsampled
371,2.1048215372395918,8.434990917380912,-2.949213859438518e+307,365,then,posttx
372,13.449547901834316,15.567843643796417,-2.949213859438518e+307,368,then,unsampled
373,4.309812538284922,15.715484988372005,-2.949213859438518e+307,369,then,unsampled
374,6.033384162818195,8.084522381950908,-2.949213859438518e+307,370,then,unsampled
375,2.0984610131763968,8.885672349697522,-1.0017023303527443e+305,371,then,posttx
376,2.0984610131763968,8.885672349697522,-1.0017023303527443e+305,371,then,posttx
377,5.931879747060002,8.593577361389833,-1.0017023303527443e+305,373,then,unsampled
378,5.338749942559563,12.147509203312751,-2.949213859438518e+307,377,then,posttx
379,4.815555841695168,11.6366986898964,-1.0017023303527443e+305,378,then,unsampled
380,17.69195171591253,9.998294970423563,-1.0017023303527443e+305,379,then,unsampled
381,5.540232428912691,13.529613292009028,-2.949213859438518e+307,381,then,posttx
382,4.843423223246377,7.993817720690833,-3.807774593896623e+306,384,then,unsampled
383,2.9635968084038065,9.143786802825538,-2.949213859438518e+307,389,then,unsampled
384,6.010629172362946,9.944347497300026,-3.807774593896623e+306,391,then,posttx
385,1.4459125982409409,10.89971983498037,-2.949213859438518e+307,394,then,unsampled
386,5.229818482400689,4.67130303760952,-2.949213859438518e+307,396,then,unsampled
387,3.112777339387222,7.188725997582074,-1.0017023303527443e+305,397,then,unsampled
388,8.72792602238731,9.49798845086776,-2.949213859438518e+307,398,then,unsampled
389,6.869496186396028,10.985350291463746,0.0,400,then,unsampled
390,13.878987456806158,11.283750305656046,0.0,403,then,unsampled
391,17.162812956334832,6.170370223471418,0.0,404,then,unsampled
392,15.972870990834195,13.52726784192104,0.0,405,then,posttx
393,2.5086738027335738,3.945148065091222,-1.0017023303527443e+305,407,then,unsampled
394,4.349208677505264,7.479333887342178,-3.807774593896623e+306,408,then,unsampled
395,8.02946093449857,5.035011832857492,0.0,410,then,unsampled
396,15.643855960156708,9.45585161400357,-2.949213859438518e+307,411,then,unsampled
397,17.834448973791933,12.859792945298144,-2.949213859438518e+307,412,then,unsampled
398,12.94316731211578,17.16031762641456,-1.0017023303527443e+305,413,then,unsampled
399,2.4656968479398547,6.9142455333832284,-2.949213859438518e+307,416,then,unsampled
400,4.756635853614582,1.366610309718413,-2.949213859438518e+307,417,then,unsampled
401,5.4750881600584025,3.16143613530278,-2.949213859438518e+307,418,then,unsampled
402,5.014734137864575,9.145310633447163,-1.0017023303527443e+305,419,then,unsampled
403,2.3248781779411924,7.563367919930816,-1.0017023303527443e+305,420,then,unsampled
404,13.941622396902646,9.902674471541609,-2.949213859438518e+307,423,then,unsampled
405,4.895827097879219,5.5177502668240415,0.0,424,then,unsampled
406,4.753843265206975,10.781077266104253,-1.0017023303527443e+305,425,then,unsampled
407,2.9471860428753294,10.466054279731184,-3.807774593896623e+306,426,then,unsampled
408,6.628354601650572,2.43559960384947,-2.949213859438518e+307,428,then,unsampled
409,2.2829850014298128,12.311851265805686,0.0,432,then,unsampled
410,2.266287527362124,12.948910645723782,-2.949213859438518e+307,433,then,posttx
411,4.3551663711795605,11.040061876746552,-2.949213859438518e+307,434,then,unsampled
412,1.7557680331290015,11.171140553071147,-3.462140743181825e+306,435,then,unsampled
413,6.1196441628757645,15.272668141244322,0.0,440,then,unsampled
414,16.860613282886952,12.707539993097313,-2.949213859438518e+307,441,then,posttx
415,7.868987527266997,10.072260396661221,-2.949213859438518e+307,442,then,posttx
416,2.3122079012622443,11.949321415927642,0.0,444,then,unsampled
417,8.989166675716978,7.654642579326177,-2.949213859438518e+307,445,then,posttx
418,8.502727911026774,4.420220603529374,-2.949213859438518e+307,446,then,unsampled
419,4.084189887804992,12.079075155494046,0.0,448,then,unsampled
420,14.612547576393778,8.382166827691872,-1.0017023303527443e+305,449,then,unsampled
421,1.2203483611276424,13.508202386998683,-2.949213859438518e+307,450,then,unsampled
422,7.058993515751281,6.5313206615580475,-2.949213859438518e+307,457,then,unsampled
423,5.705935663611095,16.560542936915606,0.0,459,then,posttx
424,17.17764416962186,8.799333625976777,-2.949213859438518e+307,462,then,unsampled
425,0.7355139686649815,8.908827800983572,-2.949213859438518e+307,469,then,unsampled
426,4.182519790963961,9.743824982645767,0.0,471,then,unsampled
427,12.28459288562079,14.825570613512479,-2.949213859438518e+307,473,then,unsampled
428,2.7351036390543433,6.667365331610868,-2.949213859438518e+307,474,then,unsampled
429,9.432757623406708,5.443534023901241,-1.0017023303527443e+305,476,then,posttx
430,8.850737247695825,5.713103110745282,-1.0017023303527443e+305,477,then,unsampled
431,2.3054931462743,14.042662916560316,-2.949213859438518e+307,478,then,posttx
432,4.978741974961014,4.930762794834839,-2.949213859438518e+307,479,then,unsampled
433,4.054288145829034,11.570962076272517,-1.0017023303527443e+305,481,then,unsampled
434,1.7915965231661115,14.651411595270615,-2.949213859438518e+307,483,then,unsampled
435,7.84619997367667,15.226971220087963,-2.949213859438518e+307,484,then,unsampled
436,1.5853097472499527,3.8484447898836645,-2.949213859438518e+307,486,then,unsampled
437,3.880217469985493,5.949167843197478,-2.949213859438518e+307,487,then,unsampled
438,2.888957079224446,10.874920793344682,0.0,488,then,unsampled
439,14.677695421538186,7.407931804262076,0.0,490,then,posttx
440,7.96317592574702,18.174171558965067,-3.807774593896623e+306,491,then,unsampled
441,10.763429438857385,5.214995578719374,-2.949213859438518e+307,493,then,posttx
442,10.763429438857385,5.214995578719374,-2.949213859438518e+307,493,then,posttx
443,1.1957493743370944,7.115925551956261,-1.001702330982192e+305,496,then,unsampled
444,5.939912567798322,13.535656720881306,-2.949213859438518e+307,498,then,unsampled
445,4.129596707191297,13.148667911975767,-1.0017023303527443e+305,505,then,unsampled
446,9.403380805615265,6.82794434400001,-2.949213859438518e+307,508,then,unsampled
447,3.5085512469767286,12.649340789727246,-2.949213859438518e+307,511,then,posttx
448,17.00029100047796,9.383834842086523,1.5868510056e-314,512,then,unsampled
449,5.970205960614399,11.199450027150272,-9.41921962626989e+306,514,then,posttx
450,1.9511302918191085,10.592507148191144,-2.949213859438518e+307,515,then,unsampled
451,2.438444541671138,15.990734505440667,-3.807774593896623e+306,516,then,posttx
452,2.8290051926669615,5.669332551709832,-3.807774593896623e+306,524,then,unsampled
453,12.096289863562149,13.336257310010309,-1.001702330558319e+305,525,then,unsampled
454,1.9969076823089973,12.052930302218835,0.0,526,then,unsampled
455,10.335029689115075,16.370954950351788,-2.949213859438518e+307,529,then,unsampled
456,14.614063731132823,15.423385083953509,0.0,530,then,unsampled
457,2.5386610641238567,6.620537260351864,0.0,532,then,unsampled
458,3.6046522458497052,16.06794838822304,-2.949213859438518e+307,533,then,unsampled
459,3.386846967339245,7.800412749366692,-2.949213859438518e+307,535,then,unsampled
460,7.2136541583188825,8.267217746462343,-2.949213859438518e+307,537,then,unsampled
461,3.897496905850284,7.416269567181633,0.0,539,then,unsampled
462,5.39846019896711,7.8522874149487265,-2.949213859438518e+307,542,then,unsampled
463,1.6306474552033787,12.006316136838324,-2.949213859438518e+307,543,then,unsampled
464,4.77809525106564,15.750409146937152,-2.949213859438518e+307,546,then,posttx
465,4.77809525106564,15.750409146937152,-2.949213859438518e+307,546,then,posttx
466,12.563124504100248,12.517672463207196,0.0,548,then,unsampled
467,6.648727746794072,9.922083632916534,-1.0017023303527443e+305,549,then,posttx
468,3.195693136364288,5.074056838747643,-2.949213859438518e+307,550,then,unsampled
469,2.996237819741896,10.434170407629468,-1.0017023303527443e+305,551,then,unsampled
470,6.8148698442289675,14.907963868659307,-2.949213859438518e+307,552,then,unsampled
471,5.06048208783864,12.564643997267623,-2.949213859438518e+307,555,then,unsampled
472,4.464824364952509,11.589824290517774,-1.0017023303527443e+305,556,then,posttx
473,4.137009378591472,17.792912088714214,-1.0017023303527443e+305,560,then,unsampled
474,1.993117905980073,7.869766074069063,-2.949213859438518e+307,562,then,posttx
475,3.1706936247869915,11.556790899965367,0.0,564,then,unsampled
476,3.272126260454068,13.077645130696531,-1.0017023303527443e+305,566,then,posttx
477,4.392780211177774,4.0218696547408515,0.0,568,then,unsampled
478,2.994503809024813,8.653115241201371,-3.807774593896623e+306,569,then,unsampled
479,7.058082252219291,10.334595137631215,-1.0017023303527443e+305,571,then,posttx
480,15.424263444371457,10.389631403012036,-2.949213859438518e+307,572,then,unsampled
481,9.508660495446051,12.791275784609399,-2.949213859438518e+307,574,then,unsampled
482,17.13533593131062,15.404603038849492,5.372272612544258e+232,575,then,unsampled
483,6.940993032748235,4.484617990709541,-1.0017023303527443e+305,576,then,unsampled
484,14.116471777117482,10.975016761870364,-2.949213859438518e+307,580,then,posttx
485,7.834056014980275,8.250876819634618,-2.949213859438518e+307,585,then,unsampled
486,15.427074095478105,12.188391979139704,-3.807774593896623e+306,586,then,unsampled
487,2.163809880448751,16.566652728801365,-2.949213859438518e+307,587,then,unsampled
488,11.07300792451535,8.943872200517122,-1.339766447027912e-157,588,then,unsampled
489,16.3953683059955,6.845073283738292,0.0,590,then,posttx
490,18.16008354021332,11.366703062695166,-1.0017023303527443e+305,597,then,unsampled
491,5.840797156859459,12.840934586368416,-2.949213859438518e+307,598,then,posttx
492,16.460395875843666,8.164361958309932,-2.949213859438518e+307,603,then,posttx
493,3.5775868783500986,10.298287175160867,-1.0017023303527443e+305,604,then,posttx
494,3.5775868783500986,10.298287175160867,-1.0017023303527443e+305,604,then,posttx
495,5.894506708808428,14.142400070684921,0.0,605,then,unsampled
496,7.360013422572575,1.4229165880662462,0.0,609,then,unsampled
497,1.763345058809191,17.494550570495978,-3.807774593896623e+306,610,then,unsampled
498,2.200831995745288,17.51051637056614,0.0,611,then,unsampled
499,3.4108294385922235,4.969397802849043,-3.807774593896623e+306,616,then,unsampled
500,4.76829293308727,14.276391228840376,-2.949213859438518e+307,617,then,unsampled
501,10.74042142552728,15.197316439174365,-2.949213859438518e+307,620,then,unsampled
502,10.77573273836621,15.846563926792069,-3.807774593896623e+306,621,then,unsampled
503,1.2457787184583227,10.563460196867704,-3.807774593896623e+306,623,then,unsampled
504,6.2356625360417715,15.018238759387717,-1.0017023303527443e+305,628,then,unsampled
505,16.518820026370978,12.324326855678832,-1.0017023303527443e+305,629,then,unsampled
506,7.2429568884813005,10.087988352814639,-2.949213858483949e+307,630,then,unsampled
507,1.7223661619312696,6.934415882857973,-2.949213859438518e+307,632,then,unsampled
508,4.000515392706781,9.462093600282707,-3.807774593896623e+306,634,then,unsampled
509,14.633118136415435,8.510633518181109,-2.949213859438518e+307,638,then,unsampled
510,14.763965115230787,13.89916217651688,0.0,639,then,unsampled
511,3.6086413080628126,3.802178284707815,-2.949213859438518e+307,643,then,unsampled
512,14.462524515504658,14.883914708772119,-2.949213859438518e+307,645,then,unsampled
513,7.20273855615794,8.508740871481324,-2.949213859438518e+307,646,then,posttx
514,18.208018454320857,8.823300762205555,-1.723162636733922e+306,647,then,unsampled
515,7.637678576802681,13.044999112551803,-2.949213859438518e+307,648,then,unsampled
516,7.703326332273834,13.460648008244766,-1.0017023303527443e+305,649,then,posttx
517,4.285157256991015,14.670338133710485,-2.949213859438518e+307,650,then,posttx
518,5.511508190233925,1.9953513759234145,-3.807774594020048e+306,651,then,unsampled
519,0.8292763924561353,8.102193651423354,0.0,657,then,unsampled
520,16.723187667966553,11.178708242669384,0.0,659,then,unsampled
521,8.073894794669915,3.8537718044727685,0.0,661,then,posttx
522,5.934642381572546,3.8541252083344317,-2.949213859438518e+307,662,then,unsampled
523,4.496393864885359,17.077522084330162,-2.949213859438518e+307,663,then,posttx
524,2.268133212564856,5.945328506416785,-1.2179348387604628e+152,667,then,unsampled
525,4.27224212326867,12.25601070534487,1.0634374943e-314,668,then,unsampled
526,7.073086647549595,10.955582758422558,-2.949213859438518e+307,669,then,unsampled
527,1.5382668931972472,14.577078531526658,-3.807774593896623e+306,672,then,unsampled
528,7.518164687529747,14.74948788591264,-1.0017023303527443e+305,674,then,posttx
529,4.039205685270974,6.3834097451230125,-2.949213859438518e+307,675,then,unsampled
530,4.5798320466749605,6.493388567178909,-2.949213859438518e+307,676,then,unsampled
531,4.479539935242666,5.93071328442283,0.0,677,then,unsampled
532,16.813784042667567,10.561436507929566,-2.949213859438518e+307,678,then,unsampled
533,15.967046474885647,6.411594721180612,-2.949213859438518e+307,679,then,posttx
534,14.51380872801455,6.090255229642005,-2.949213859438518e+307,687,then,posttx
535,14.51380872801455,6.090255229642005,-2.949213859438518e+307,687,then,posttx
536,8.364994241598694,17.580461369780597,-1.0017023303527443e+305,688,then,posttx
537,10.833436096487295,4.722223572894249,-2.949213859438518e+307,691,then,unsampled
538,17.081017208345987,11.857562813997946,-2.949213859438518e+307,692,then,unsampled
539,13.029279536693979,6.520171530201945,-2.949213859438518e+307,694,then,unsampled
540,13.62578181422144,7.7061647550368635,-2.949213859438518e+307,695,then,unsampled
541,11.263995389092658,9.648814329541572,-4.874839120410505e+306,696,then,unsampled
542,7.136900209643993,16.603068072869018,-2.949213859438518e+307,698,then,unsampled
543,6.692910613527299,17.89308401464547,-2.949213859438518e+307,699,then,unsampled
544,16.033938491166968,17.485893935933035,-2.949213859438518e+307,701,then,unsampled
545,3.404506894655732,2.295172200122406,0.0,702,then,posttx
546,3.866345206487878,2.550973364616989,-2.949213859438518e+307,703,then,unsampled
547,3.1363663894161404,2.77303630321043,-2.949213859438518e+307,704,then,unsampled
548,4.051038016917141,7.569968095579595,0.0,705,then,unsampled
549,16.948097249818165,7.23413839049202,-2.949213859438518e+307,707,then,unsampled
550,6.743975469376446,15.902834333636239,0.0,710,then,unsampled
551,5.532153030541423,10.402087030011634,-2.949213859438518e+307,711,then,unsampled
552,10.74643711330027,10.504489389740126,-2.949213859438518e+307,714,then,posttx
553,2.927503178947799,18.427680354072155,-2.949213859438518e+307,715,then,unsampled
554,5.696528032433919,11.663439476762965,-1.0017023303527443e+305,716,then,unsampled
555,3.247282472497699,15.471521154102861,-2.949213859438518e+307,717,then,unsampled
556,2.230913464250731,15.694498246754717,-2.949213859438518e+307,718,then,posttx
557,6.265024411651217,7.991208763288375,-2.949213859438518e+307,719,then,unsampled
558,3.8243156712412025,14.845325505831006,-2.949213859438518e+307,720,then,unsampled
559,9.007948861947987,12.649451117292712,-1.0017023303527443e+305,721,then,unsampled
560,5.29547121315941,7.4554443776734685,0.0,722,then,unsampled
561,6.850203085855187,6.56857018784081,-1.0017023303527443e+305,723,then,unsampled
562,10.327763489055325,14.686921538600622,-2.949213859438518e+307,724,then,unsampled
563,2.8294903263844122,7.708787120302961,0.0,725,then,posttx
564,1.5570436705586517,11.64391957329844,-2.949213859438518e+307,726,then,posttx
565,13.383595391250099,16.11293596779828,-2.949213859438518e+307,727,then,unsampled
566,4.183257453469418,15.620525027149363,-2.949213859438518e+307,728,then,unsampled
567,6.235555164790619,8.658901955161351,-3.807774593896623e+306,729,then,unsampled
568,17.42128805957249,9.898570334429404,0.0,730,then,unsampled
569,18.518914096462968,10.346104094701518,0.0,731,then,unsampled
570,2.926158041695997,6.725608219669264,0.0,732,then,posttx
571,5.469143884211273,3.8057164582528475,-2.949213859438518e+307,733,then,unsampled
572,5.419662399428924,8.866246042678695,-2.949213859438518e+307,734,then,unsampled
573,3.9757074772230085,17.643033962615977,-3.8077729263093963e+306,735,then,unsampled
574,2.7655992467080885,12.730772962167022,0.0,736,then,unsampled
575,3.0941406335466146,8.66352341276784,0.0,737,then,unsampled
576,2.1228558156373496,4.952658663648064,-1.0017023303527443e+305,738,then,unsampled
577,1.7568947326827997,5.885881138765299,-2.949213859438518e+307,739,then,posttx
578,2.1700897462147912,5.541427097097845,0.0,740,then,unsampled
579,5.289639271765793,9.935219293097934,-2.949213859438518e+307,741,then,unsampled
580,3.254070432136208,11.419941657227646,-2.949213859438518e+307,742,then,unsampled
581,8.796780794789372,8.569350076705335,-2.949213859438518e+307,743,then,unsampled
582,8.913498882438105,9.785731345484079,-1.0017023303527443e+305,744,then,unsampled
583,16.16694030319426,9.610575313513444,-1.0017023303527443e+305,745,then,unsampled
584,16.524177365018716,10.307827589446145,-1.0017023303527443e+305,746,then,unsampled
585,7.244295388900501,3.3988742455886145,0.0,747,then,posttx
586,5.553087448527345,5.091268342064337,-2.949213859438518e+307,748,then,unsampled
587,14.007096245915044,11.383914638956323,-2.949213859438518e+307,749,then,unsampled
588,9.204904169488094,4.912875080419621,-2.949213859438518e+307,750,then,unsampled
589,7.136073573075149,5.304771162763519,-3.807774593896623e+306,751,then,unsampled
590,15.57249404843429,8.94511752816082,-2.949213859438518e+307,752,then,unsampled
591,18.222185545155035,13.369557456633983,0.0,753,then,unsampled
592,18.319088831589184,12.889696507425448,-1.0017023303527443e+305,754,then,posttx
593,17.87687209627182,13.252294949374104,-2.949213859438518e+307,755,then,unsampled
594,3.798972964353657,12.589810461713773,-3.8077745941434724e+306,756,then,posttx
595,2.8147757699799367,6.34143841757707,-2.949213859438518e+307,757,then,posttx
596,4.6565814378953325,1.717945509459636,-2.949213859438518e+307,758,then,unsampled
597,4.355584640152089,9.637846766090505,-1.0017023303527443e+305,759,then,unsampled
598,3.7242429246352007,13.895492059257958,-2.949213859438518e+307,760,then,unsampled
599,5.93999364636383,6.550819587361524,-1.0017023303527443e+305,761,then,posttx
600,4.668423278442038,10.682295898971418,-2.949213859438518e+307,762,then,posttx
601,4.82197282112187,11.05962210310492,-2.949213859438518e+307,763,then,unsampled
602,3.3469730501402357,10.860509981286512,-1.0017023303527443e+305,764,then,unsampled
603,5.852924990070648,13.24048432565505,-2.949213859438518e+307,765,then,unsampled
604,6.944772019241587,2.016336169189202,-2.949213859438518e+307,766,then,unsampled
605,6.864901577374172,1.8924905067743574,-1.0017023303527443e+305,767,then,unsampled
606,3.48213971274661,15.087890077727607,-2.949213859438518e+307,768,then,posttx
607,3.48213971274661,15.087890077727607,-2.949213859438518e+307,768,then,posttx
608,4.483264902554457,14.763371273620107,-2.949213859438518e+307,769,then,posttx
609,4.314495206205589,10.67467129941352,-3.807774593896623e+306,770,then,unsampled
610,5.731291107965687,15.516610058941701,-3.807774593896623e+306,771,then,unsampled
611,5.7187336514873355,15.455410905867673,-2.949213859438518e+307,772,then,posttx
612,2.1821149231002552,11.965254784258473,-2.949213859438518e+307,773,then,posttx
613,8.434229623936304,4.538045389036817,-2.949213859438518e+307,774,then,posttx
614,8.434229623936304,4.538045389036817,-2.949213859438518e+307,774,then,posttx
615,8.434229623936304,4.538045389036817,-2.949213859438518e+307,774,then,posttx
616,15.609307088832395,10.580566776221106,-2.949213859438518e+307,775,then,unsampled
617,3.0737669242415886,8.945983536142826,0.0,776,then,posttx
618,2.9564091663237457,5.563273911860661,-2.013717934389646e+305,777,then,unsampled
619,5.700506732946689,17.33211237768503,0.0,778,then,unsampled
620,13.278155849226419,16.627685716375137,-1.0017023303527443e+305,779,then,unsampled
621,16.960174919096357,8.915620727498242,-2.949213859438518e+307,780,then,unsampled
622,17.417354607210903,8.722768415757995,-2.949213859438518e+307,781,then,unsampled
623,11.609543318178321,15.489600772264845,-2.949213859438518e+307,782,then,posttx
624,11.609543318178321,15.489600772264845,-2.949213859438518e+307,782,then,posttx
625,3.717829858888343,15.712254983272262,-2.949213859438518e+307,783,then,posttx
626,5.462467082087445,2.4497605272663683,-2.949213859438518e+307,784,then,unsampled
627,1.3464587207878655,9.123565362253444,-1.0017023303527443e+305,785,then,unsampled
628,2.637018655000371,9.00098391604791,-3.462140737837842e+306,786,then,posttx
629,2.9759941340318252,9.418259709144007,-1.4680064366989916e+307,787,then,posttx
630,3.578393646979909,9.68612716423733,-2.949213859438518e+307,788,then,unsampled
631,3.835997919529015,9.76483187945548,-3.807774593896623e+306,789,then,unsampled
632,6.957471443890584,12.753720551721495,-2.033085787853599e+307,790,then,unsampled
633,2.618120841686032,6.960034911525488,-3.807774593896623e+306,791,then,unsampled
634,13.585536555648858,12.38829580900958,-2.949213859438518e+307,792,then,posttx
635,1.475227577329368,3.948924106927596,0.0,793,then,unsampled
636,1.7427454407918241,7.081364085260888,-2.949213859438518e+307,794,then,unsampled
637,7.326305387105833,16.078142265467687,-2.949213859438518e+307,795,then,unsampled
638,4.246785903592497,8.135303308851634,-2.949213859438518e+307,796,then,unsampled
639,10.973285650367359,12.976396301387123,-2.949213859438518e+307,797,then,unsampled
640,9.85639101538672,6.255977819983983,-2.949213859438518e+307,798,then,unsampled
641,10.566276939509018,6.695724959465858,-3.807774593896623e+306,799,then,unsampled
642,17.58630461173271,7.264819426973226,-1.0017023303527443e+305,800,then,unsampled
643,17.46977391081968,7.893917527283115,-2.949213859438518e+307,801,then,unsampled
644,16.69454686269005,7.968357364446103,-1.0017023303527443e+305,802,then,unsampled
645,3.289327471024613,12.050791028091915,-2.949213859438518e+307,803,then,unsampled
646,17.2044226968309,9.717836837201954,-2.949213859438518e+307,804,then,unsampled
647,17.039545486802176,9.551051840846311,-2.949213859438518e+307,805,then,posttx
648,6.353182633996921,12.304811793492528,-2.949213859438518e+307,806,then,posttx
649,2.555433343792111,5.270034750127559,-2.949213859438518e+307,807,then,unsampled
650,12.200861639392139,13.011296309650739,-2.949213859438518e+307,808,then,unsampled
651,11.108864276208422,17.36196633351991,0.0,809,then,unsampled
652,10.211743688220027,16.139889058814916,-2.949213859438518e+307,810,then,unsampled
653,10.247991739677808,16.707389478469686,0.0,811,then,unsampled
654,3.414290426846199,17.4193045415058,-3.807774593896623e+306,812,then,unsampled
655,3.0167925370358613,8.026373222680006,-2.949213859438518e+307,813,then,posttx
656,7.934755337237185,5.452085737070752,-1.7499985713780232e+307,814,then,unsampled
657,5.071118186631723,8.853301447036957,-2.949213859438518e+307,815,then,posttx
658,14.020824014286251,16.285815885944515,0.0,816,then,posttx
659,12.703340108308133,12.950914726867238,-1.0017023303527443e+305,817,then,posttx
660,5.265221682368512,13.092068888101547,-2.949213859438518e+307,818,then,posttx
661,2.413912348430897,14.285230079425132,-2.949213857827132e+307,819,then,unsampled
662,1.5156478980496444,8.253756301214093,0.0,820,then,unsampled
663,2.8077889615515548,10.686983873808549,0.0,821,then,unsampled
664,4.016934616907062,3.497976518912397,-1.0017023303527443e+305,822,then,unsampled
665,9.128249071460647,13.368867794215461,-2.949213859438518e+307,823,then,unsampled
666,16.88031416921918,15.52379889836503,0.0,824,then,unsampled
667,7.38088107514142,4.3606988127814725,-2.949213859438518e+307,825,then,unsampled
668,12.819824778115592,9.874368003199473,-1.0017023303527443e+305,826,then,unsampled
669,16.86956481052773,6.2760807770651645,0.0,827,then,unsampled
670,7.948197772959342,8.031345233392647,-2.949213859438518e+307,828,then,unsampled
671,16.152911316778592,6.569730264039678,-2.949213859438518e+307,829,then,unsampled
672,5.121211901638298,0.9605105259862659,-1.0017023303527443e+305,830,then,unsampled
673,9.132212231146601,11.118392746669628,0.0,831,then,posttx
674,8.537123537847837,10.708071879593254,0.0,832,then,posttx
675,6.403222748788054,9.064971240387687,-2.949213859438518e+307,833,then,unsampled
676,18.554415692106705,11.19868318211082,-2.949213859438518e+307,834,then,unsampled
677,18.533183508090662,11.907072320856747,-2.949213859438518e+307,835,then,unsampled
678,16.847421142549248,7.897234056393639,-2.949213858912247e+307,836,then,unsampled
679,4.422761954069901,9.978598264739594,0.0,837,then,unsampled
680,4.978522378891357,7.455087306115861,0.0,838,then,unsampled
681,7.383792786556096,1.2491641230536514,0.0,839,then,unsampled
682,7.5943452149080395,1.5405434410887873,-1.0017023303527443e+305,840,then,unsampled
683,1.173646826042652,17.70634613806215,-1.0017023303527443e+305,841,then,unsampled
684,4.863387312275816,13.821107832900594,-2.949213859438518e+307,842,then,unsampled
685,4.953541899522497,14.810801516895102,-2.949213859438518e+307,843,then,unsampled
686,11.358432802302332,11.657105031984365,-2.949213859438518e+307,844,then,posttx
687,11.657786566146472,11.900629440593221,-1.0017023303527443e+305,845,then,posttx
688,2.6716775515775564,13.548946972015482,-2.949213859438518e+307,846,then,unsampled
689,10.853803900630473,16.044090678042828,-2.949213859438518e+307,847,then,unsampled
690,11.242405497734463,16.199350555436162,0.0,848,then,posttx
691,10.188837263681659,15.396332023072869,-3.807774593896623e+306,849,then,posttx
692,5.502235190177283,10.760391572446574,-2.949213859438518e+307,850,then,unsampled
693,1.5491674446851635,9.658781609732436,-2.949213859438518e+307,851,then,unsampled
694,6.555880561510678,15.35058762423154,0.0,852,then,unsampled
695,6.371729795408402,15.739152757540953,-1.0017023303527443e+305,853,then,unsampled
696,6.915411806908939,15.006016929947181,-1.0017023303527443e+305,854,then,unsampled
697,4.159759237249583,8.836703418461973,0.0,855,then,unsampled
698,15.047310443408891,14.068009881964842,0.0,856,then,unsampled
699,15.200878645511622,13.833292001349433,0.0,857,then,unsampled
700,4.154832622003875,4.108834649091819,-2.949213859438518e+307,858,then,unsampled
701,14.78942879741793,14.996955971185919,0.0,859,then,unsampled
702,18.761923661151997,9.097919737925166,-1.0017023303527443e+305,860,then,unsampled
703,2.54143012962198,9.362097678031299,0.0,861,then,unsampled
704,1.9567766459100933,9.568313822160974,-2.949213859438518e+307,862,then,unsampled
705,7.127395598161706,13.942379596611746,-2.949213859438518e+307,863,then,unsampled
706,7.319347808063929,14.068677572104853,-2.949213859438518e+307,864,then,posttx
707,17.242041370659404,11.35395601128584,-2.949213859438518e+307,865,then,unsampled
708,7.431488940887025,3.967503242747658,-1.0017023303527443e+305,866,then,unsampled
709,7.628723350942754,3.5704732999028845,-2.9492138580902676e+307,867,then,posttx
710,6.046478071751347,3.4801190041471113,0.0,868,then,unsampled
711,1.2929667702707142,5.154849050691141,-2.525130038420856e+307,869,then,unsampled
712,4.112480525835873,12.063471284579888,-2.949213859438518e+307,870,then,unsampled
713,6.313214960711603,11.451190011926624,-2.949213859438518e+307,871,then,posttx
714,7.423262356292622,14.230294898457657,-2.949213859438518e+307,872,then,unsampled
715,4.396394279450959,7.023975227402291,0.0,873,then,unsampled
716,3.6680168168305354,6.80764216442086,-2.949213859438518e+307,874,then,unsampled
717,3.936508766495238,5.999900444555215,-2.949213859438518e+307,875,then,unsampled
718,16.972051728202015,10.411210792079638,0.0,876,then,unsampled
719,6.228455678441639,5.992872533939231,-2.949213859438518e+307,877,then,unsampled
720,6.691407189152523,6.802052693085478,-2.949213859438518e+307,878,then,unsampled
721,13.736290998830109,7.05771797359448,-2.949213859438518e+307,879,then,unsampled
722,14.366079151345557,7.590495581436435,-1.0017023303527443e+305,880,then,unsampled
723,14.07742601001253,6.318605934706904,-2.949213859438518e+307,881,then,unsampled
724,14.836345906121206,6.646874307658721,-1.0017023303527443e+305,882,then,posttx
725,14.836345906121206,6.646874307658721,-1.0017023303527443e+305,882,then,posttx
726,14.836345906121206,6.646874307658721,-1.0017023303527443e+305,882,then,posttx
727,14.398244986558883,6.0884549424047725,-1.0017023303527443e+305,883,then,unsampled
728,10.294468342942752,5.076466926619509,-2.949213859438518e+307,884,then,unsampled
729,0.9173079733110863,7.411303745162609,0.0,885,then,posttx
730,12.599631378772273,6.14567549253641,-1.0017023303527443e+305,886,then,unsampled
731,12.144218319041212,9.204524982585031,-1.0017023303527443e+305,887,then,unsampled
732,10.83625182539171,9.849666846163888,-2.949213859438518e+307,888,then,unsampled
733,6.747900176735553,16.99320064096897,0.0,889,then,posttx
734,6.9680232909404545,17.756062079576648,-2.949213859438518e+307,890,then,unsampled
735,4.139595872790832,3.115529095852222,0.0,891,then,unsampled
736,13.373188201050898,11.658328405670408,-8.015273207276353e-235,892,then,unsampled
737,11.742941268924627,11.25323362159476,-2.949213859438518e+307,893,then,unsampled
738,13.260357644230275,10.955566167383878,-2.949213859438518e+307,894,then,unsampled
739,3.879455652452088,2.8723100916009146,-2.949213859438518e+307,895,then,unsampled
740,9.718588672802568,15.076761385237177,0.0,896,then,unsampled
741,9.698381353689147,14.633993052390215,0.0,897,then,posttx
742,7.361188501657993,15.894288305427988,-2.0330857858475735e+307,898,then,unsampled
743,5.322564853860583,9.918272923447036,-2.949213859438518e+307,899,then,unsampled
744,14.595244647753454,13.079595981252055,-2.949213859438518e+307,900,then,unsampled
745,14.270076995564624,13.160976529735844,-1.0017023303527443e+305,901,then,unsampled
746,14.14347675093506,13.402038066425384,0.0,902,then,unsampled
747,13.402453464609469,13.81535493710388,-2.949213859438518e+307,903,then,posttx
748,10.915478476203281,10.108841846262811,0.0,904,then,unsampled
749,2.5682678578045657,18.219060553293772,-2.949213859438518e+307,905,then,unsampled
